Trat_Meses,Moisture_content,Aw
0,2.859427,0.455500
2,5.063349,0.434800
4,5.337536,0.536100
6,5.257139,0.431100
9,7.905756,0.521100
12,8.057944,0.590500